{"cameraMode":{"drawMode":0,"name":"Shaded","section":"Shading Mode"},"sceneLighting":true,"audioPlay":false,"sceneViewState":{"showFog":false,"showMaterialUpdate":false,"showSkybox":false,"showFlares":false,"showImageEffects":false,"showParticleSystems":true},"in2DMode":false,"pivot":{"x":229.104736328125,"y":47.94087219238281,"z":73.76182556152344},"rotation":{"x":-0.026781413704156877,"y":0.3405866324901581,"z":0.00970502570271492,"w":0.9397816061973572},"size":115.6478271484375,"orthographic":true}